job_title,location,linkedin_url,phone_number
Software Engineer1,Bangalore,https://linkedin.com/in/example1,+919676728623
Software Engineer1,Bangalore,https://linkedin.com/in/example2,+919502370495
Business Analyst,Pune,https://linkedin.com/in/example0,+9198244746885
DevOps Engineer,Pune,https://linkedin.com/in/example1,+9199856312791
Technical Writer,Chandigarh,https://linkedin.com/in/example2,+9199469253510
DevOps Engineer,Mumbai,https://linkedin.com/in/example3,+9198624112431
HR Executive,Bangalore,https://linkedin.com/in/example4,+9197844329834
Data Analyst,Chandigarh,https://linkedin.com/in/example5,+9196280439158
Software Engineer,Bangalore,https://linkedin.com/in/example6,+9197234847753
Business Analyst,Chandigarh,https://linkedin.com/in/example7,+9197343911939
DevOps Engineer,Ahmedabad,https://linkedin.com/in/example8,+9199195104513
Marketing Manager,Kolkata,https://linkedin.com/in/example9,+9198050146794
HR Executive,Bangalore,https://linkedin.com/in/example10,+9199754657171
Sales Executive,Delhi,https://linkedin.com/in/example11,+9198977146271
Software Engineer,Pune,https://linkedin.com/in/example12,+9199536970087
Technical Writer,Ahmedabad,https://linkedin.com/in/example13,+9199917714322
Marketing Manager,Kolkata,https://linkedin.com/in/example14,+9196918277791
Software Engineer,Ahmedabad,https://linkedin.com/in/example15,+9197507539169
Sales Executive,Hyderabad,https://linkedin.com/in/example16,+9198232748725
UX Designer,Delhi,https://linkedin.com/in/example17,+9197301692089
Business Analyst,Kolkata,https://linkedin.com/in/example18,+9199613000022
Business Analyst,Bangalore,https://linkedin.com/in/example19,+9197401390848
Marketing Manager,Chennai,https://linkedin.com/in/example20,+9198673918107
Technical Writer,Pune,https://linkedin.com/in/example21,+9198619234030
DevOps Engineer,Chandigarh,https://linkedin.com/in/example22,+9199794416474
Technical Writer,Bangalore,https://linkedin.com/in/example23,+9199718207830
UX Designer,Chennai,https://linkedin.com/in/example24,+9197839903263
UX Designer,Mumbai,https://linkedin.com/in/example25,+9198030274128
Data Analyst,Mumbai,https://linkedin.com/in/example26,+9199809568083
Marketing Manager,Delhi,https://linkedin.com/in/example27,+9199076403517
Software Engineer,Chandigarh,https://linkedin.com/in/example28,+9198501764678
Data Analyst,Jaipur,https://linkedin.com/in/example29,+9198850519063
DevOps Engineer,Jaipur,https://linkedin.com/in/example30,+9199903063241
Marketing Manager,Jaipur,https://linkedin.com/in/example31,+9198072344512
Marketing Manager,Bangalore,https://linkedin.com/in/example32,+9199917695670
HR Executive,Ahmedabad,https://linkedin.com/in/example33,+9196060400087
HR Executive,Chennai,https://linkedin.com/in/example34,+9198593023137
Sales Executive,Pune,https://linkedin.com/in/example35,+9198804180267
Marketing Manager,Hyderabad,https://linkedin.com/in/example36,+9196319741667
Software Engineer,Hyderabad,https://linkedin.com/in/example37,+9199033700640
Software Engineer,Ahmedabad,https://linkedin.com/in/example38,+9199817976277
Product Manager,Mumbai,https://linkedin.com/in/example39,+9196480702837
DevOps Engineer,Bangalore,https://linkedin.com/in/example40,+9198102991011
Data Analyst,Delhi,https://linkedin.com/in/example41,+9197589112212
HR Executive,Chandigarh,https://linkedin.com/in/example42,+9196768134727
DevOps Engineer,Kolkata,https://linkedin.com/in/example43,+9198431318909
Marketing Manager,Mumbai,https://linkedin.com/in/example44,+9199663297610
Business Analyst,Bangalore,https://linkedin.com/in/example45,+9197253467601
Sales Executive,Ahmedabad,https://linkedin.com/in/example46,+9197456639275
Data Analyst,Kolkata,https://linkedin.com/in/example47,+9199567105000
Business Analyst,Chennai,https://linkedin.com/in/example48,+9198219529539
Sales Executive,Delhi,https://linkedin.com/in/example49,+9199518869344
Business Analyst,Bangalore,https://linkedin.com/in/example50,+9196270093360
HR Executive,Ahmedabad,https://linkedin.com/in/example51,+9199592342072
DevOps Engineer,Mumbai,https://linkedin.com/in/example52,+9199903021411
HR Executive,Hyderabad,https://linkedin.com/in/example53,+9197867324487
HR Executive,Jaipur,https://linkedin.com/in/example54,+9197763226456
Technical Writer,Hyderabad,https://linkedin.com/in/example55,+9196030326075
Product Manager,Ahmedabad,https://linkedin.com/in/example56,+9197373723665
Product Manager,Mumbai,https://linkedin.com/in/example57,+9196400109194
Business Analyst,Hyderabad,https://linkedin.com/in/example58,+9196831704962
DevOps Engineer,Ahmedabad,https://linkedin.com/in/example59,+9198249918139
UX Designer,Delhi,https://linkedin.com/in/example60,+9197730671927
Sales Executive,Chandigarh,https://linkedin.com/in/example61,+9199642950942
Software Engineer,Pune,https://linkedin.com/in/example62,+9198089118482
HR Executive,Mumbai,https://linkedin.com/in/example63,+9196858239978
DevOps Engineer,Chandigarh,https://linkedin.com/in/example64,+9199364861375
Sales Executive,Kolkata,https://linkedin.com/in/example65,+9199861228642
Technical Writer,Hyderabad,https://linkedin.com/in/example66,+9198681887483
Marketing Manager,Delhi,https://linkedin.com/in/example67,+9197488564065
DevOps Engineer,Jaipur,https://linkedin.com/in/example68,+9199049507603
Business Analyst,Chandigarh,https://linkedin.com/in/example69,+9196567604224
UX Designer,Jaipur,https://linkedin.com/in/example70,+9197949138315
Software Engineer,Chandigarh,https://linkedin.com/in/example71,+9197269183873
Product Manager,Bangalore,https://linkedin.com/in/example72,+9199174567133
Marketing Manager,Pune,https://linkedin.com/in/example73,+9196421764439
Technical Writer,Jaipur,https://linkedin.com/in/example74,+9197544089243
DevOps Engineer,Kolkata,https://linkedin.com/in/example75,+9198651547686
Software Engineer,Mumbai,https://linkedin.com/in/example76,+9197738873762
Business Analyst,Delhi,https://linkedin.com/in/example77,+9197109789296
Data Analyst,Ahmedabad,https://linkedin.com/in/example78,+9197858722692
DevOps Engineer,Hyderabad,https://linkedin.com/in/example79,+9198766374020
Technical Writer,Delhi,https://linkedin.com/in/example80,+9199610236081
Product Manager,Delhi,https://linkedin.com/in/example81,+9198551766687
UX Designer,Jaipur,https://linkedin.com/in/example82,+9199769774966
Sales Executive,Kolkata,https://linkedin.com/in/example83,+9198581862550
Business Analyst,Chandigarh,https://linkedin.com/in/example84,+9197440482195
Data Analyst,Pune,https://linkedin.com/in/example85,+9199668418685
DevOps Engineer,Chandigarh,https://linkedin.com/in/example86,+9198368047306
Product Manager,Jaipur,https://linkedin.com/in/example87,+9199465066451
DevOps Engineer,Mumbai,https://linkedin.com/in/example88,+9199054697760
Marketing Manager,Ahmedabad,https://linkedin.com/in/example89,+9198183173890
Technical Writer,Mumbai,https://linkedin.com/in/example90,+9196675614633
Product Manager,Hyderabad,https://linkedin.com/in/example91,+9197217271133
Business Analyst,Pune,https://linkedin.com/in/example92,+9197409861696
Data Analyst,Ahmedabad,https://linkedin.com/in/example93,+9198001818748
Sales Executive,Hyderabad,https://linkedin.com/in/example94,+9199889524941
Marketing Manager,Hyderabad,https://linkedin.com/in/example95,+9199087675433
Marketing Manager,Kolkata,https://linkedin.com/in/example96,+9199602269957
HR Executive,Mumbai,https://linkedin.com/in/example97,+9199576296841
HR Executive,Bangalore,https://linkedin.com/in/example98,+9196330395674
Product Manager,Kolkata,https://linkedin.com/in/example99,+9197453260934
Sales Executive,Jaipur,https://linkedin.com/in/example100,+9199933410690
Software Engineer,Bangalore,https://linkedin.com/in/example101,+9196622268963
Sales Executive,Delhi,https://linkedin.com/in/example102,+9196344645796
Marketing Manager,Kolkata,https://linkedin.com/in/example103,+9198467636672
UX Designer,Ahmedabad,https://linkedin.com/in/example104,+9196861362206
Marketing Manager,Delhi,https://linkedin.com/in/example105,+9199019228578
Technical Writer,Bangalore,https://linkedin.com/in/example106,+9198674393328
Technical Writer,Jaipur,https://linkedin.com/in/example107,+9198827741187
UX Designer,Delhi,https://linkedin.com/in/example108,+9199062398060
Product Manager,Chandigarh,https://linkedin.com/in/example109,+9197047451756
Business Analyst,Hyderabad,https://linkedin.com/in/example110,+9199092730303
UX Designer,Mumbai,https://linkedin.com/in/example111,+9198404906558
Product Manager,Chandigarh,https://linkedin.com/in/example112,+9198198305416
Business Analyst,Ahmedabad,https://linkedin.com/in/example113,+9199959397873
Software Engineer,Pune,https://linkedin.com/in/example114,+9196818400136
HR Executive,Kolkata,https://linkedin.com/in/example115,+9196472606967
Technical Writer,Bangalore,https://linkedin.com/in/example116,+9199361385687
DevOps Engineer,Hyderabad,https://linkedin.com/in/example117,+9197262700093
Marketing Manager,Pune,https://linkedin.com/in/example118,+9197657081835
Business Analyst,Ahmedabad,https://linkedin.com/in/example119,+9196703171975
Software Engineer,Bangalore,https://linkedin.com/in/example120,+9198589665889
Software Engineer,Pune,https://linkedin.com/in/example121,+9199084283952
Sales Executive,Hyderabad,https://linkedin.com/in/example122,+9199810880651
Marketing Manager,Kolkata,https://linkedin.com/in/example123,+9199411066014
HR Executive,Ahmedabad,https://linkedin.com/in/example124,+9196653649512
Product Manager,Ahmedabad,https://linkedin.com/in/example125,+9198218759178
Business Analyst,Chennai,https://linkedin.com/in/example126,+9198138466786
Data Analyst,Delhi,https://linkedin.com/in/example127,+9197318402373
Business Analyst,Ahmedabad,https://linkedin.com/in/example128,+9198492688060
Marketing Manager,Mumbai,https://linkedin.com/in/example129,+9198155181724
Technical Writer,Hyderabad,https://linkedin.com/in/example130,+9199772667010
Sales Executive,Jaipur,https://linkedin.com/in/example131,+9197422308184
Marketing Manager,Hyderabad,https://linkedin.com/in/example132,+9196524129449
Technical Writer,Bangalore,https://linkedin.com/in/example133,+9198094786974
UX Designer,Mumbai,https://linkedin.com/in/example134,+9199134326431
Software Engineer,Kolkata,https://linkedin.com/in/example135,+9197091373384
DevOps Engineer,Delhi,https://linkedin.com/in/example136,+9197334928888
Software Engineer,Hyderabad,https://linkedin.com/in/example137,+9197651397683
HR Executive,Mumbai,https://linkedin.com/in/example138,+9198880516725
Marketing Manager,Bangalore,https://linkedin.com/in/example139,+9199934915776
UX Designer,Ahmedabad,https://linkedin.com/in/example140,+9199561678067
Sales Executive,Kolkata,https://linkedin.com/in/example141,+9199260125879
HR Executive,Jaipur,https://linkedin.com/in/example142,+9196771200690
Data Analyst,Chennai,https://linkedin.com/in/example143,+9198214779614
Software Engineer,Bangalore,https://linkedin.com/in/example144,+9199652276909
DevOps Engineer,Delhi,https://linkedin.com/in/example145,+9196275171409
Sales Executive,Delhi,https://linkedin.com/in/example146,+9197296363509
UX Designer,Chennai,https://linkedin.com/in/example147,+9198120999768
Software Engineer,Delhi,https://linkedin.com/in/example148,+9199772768914
Data Analyst,Jaipur,https://linkedin.com/in/example149,+9196751016674
Software Engineer,Delhi,https://linkedin.com/in/example150,+9199146748459
Software Engineer,Ahmedabad,https://linkedin.com/in/example151,+9197639171277
Product Manager,Bangalore,https://linkedin.com/in/example152,+9196721818673
Software Engineer,Chandigarh,https://linkedin.com/in/example153,+9197974604199
Business Analyst,Delhi,https://linkedin.com/in/example154,+9198392485636
Business Analyst,Chennai,https://linkedin.com/in/example155,+9199496965557
Business Analyst,Bangalore,https://linkedin.com/in/example156,+9197796576176
Sales Executive,Kolkata,https://linkedin.com/in/example157,+9196882537573
Data Analyst,Kolkata,https://linkedin.com/in/example158,+9196794879247
Data Analyst,Mumbai,https://linkedin.com/in/example159,+9198280826044
Data Analyst,Mumbai,https://linkedin.com/in/example160,+9199313138476
UX Designer,Pune,https://linkedin.com/in/example161,+9199455670014
Data Analyst,Chennai,https://linkedin.com/in/example162,+9198380407681
Sales Executive,Kolkata,https://linkedin.com/in/example163,+9196348033869
Sales Executive,Jaipur,https://linkedin.com/in/example164,+9196208014705
Sales Executive,Chandigarh,https://linkedin.com/in/example165,+9198971596165
Business Analyst,Chandigarh,https://linkedin.com/in/example166,+9197816140174
HR Executive,Chandigarh,https://linkedin.com/in/example167,+9199828241637
DevOps Engineer,Kolkata,https://linkedin.com/in/example168,+9198451092006
Sales Executive,Chennai,https://linkedin.com/in/example169,+9197450202433
HR Executive,Jaipur,https://linkedin.com/in/example170,+9196573961887
Software Engineer,Pune,https://linkedin.com/in/example171,+9196980526866
DevOps Engineer,Chandigarh,https://linkedin.com/in/example172,+9196753806648
Technical Writer,Mumbai,https://linkedin.com/in/example173,+9199498313047
Sales Executive,Kolkata,https://linkedin.com/in/example174,+9198563148970
Software Engineer,Ahmedabad,https://linkedin.com/in/example175,+9199068405913
Software Engineer,Ahmedabad,https://linkedin.com/in/example176,+9196177015505
HR Executive,Chennai,https://linkedin.com/in/example177,+9197419554950
Marketing Manager,Kolkata,https://linkedin.com/in/example178,+9198537532882
Sales Executive,Ahmedabad,https://linkedin.com/in/example179,+9199513028137
HR Executive,Hyderabad,https://linkedin.com/in/example180,+9196111733237
Software Engineer,Kolkata,https://linkedin.com/in/example181,+9197641046811
Product Manager,Kolkata,https://linkedin.com/in/example182,+9197845192542
Data Analyst,Chennai,https://linkedin.com/in/example183,+9199611613444
Business Analyst,Bangalore,https://linkedin.com/in/example184,+9196166025020
Business Analyst,Pune,https://linkedin.com/in/example185,+9196705952907
Product Manager,Chandigarh,https://linkedin.com/in/example186,+9199621373138
HR Executive,Mumbai,https://linkedin.com/in/example187,+9196078126639
Data Analyst,Chennai,https://linkedin.com/in/example188,+9198992295610
Marketing Manager,Ahmedabad,https://linkedin.com/in/example189,+9199855741201
Product Manager,Ahmedabad,https://linkedin.com/in/example190,+9198372646385
Business Analyst,Chandigarh,https://linkedin.com/in/example191,+9199904052126
Data Analyst,Jaipur,https://linkedin.com/in/example192,+9198800155290
Technical Writer,Kolkata,https://linkedin.com/in/example193,+9196529297802
Marketing Manager,Bangalore,https://linkedin.com/in/example194,+9198214016938
Marketing Manager,Jaipur,https://linkedin.com/in/example195,+9198651640648
Software Engineer,Ahmedabad,https://linkedin.com/in/example196,+9196133440516
UX Designer,Jaipur,https://linkedin.com/in/example197,+9196603299583
DevOps Engineer,Hyderabad,https://linkedin.com/in/example198,+9197311853543
Marketing Manager,Chandigarh,https://linkedin.com/in/example199,+9199740608144
DevOps Engineer,Delhi,https://linkedin.com/in/example200,+9197767737943
DevOps Engineer,Delhi,https://linkedin.com/in/example201,+9196022297562
Data Analyst,Pune,https://linkedin.com/in/example202,+9197554039446
Product Manager,Chennai,https://linkedin.com/in/example203,+9199324014080
DevOps Engineer,Bangalore,https://linkedin.com/in/example204,+9197927519868
Software Engineer,Ahmedabad,https://linkedin.com/in/example205,+9199115917902
Product Manager,Mumbai,https://linkedin.com/in/example206,+9196710111101
Product Manager,Mumbai,https://linkedin.com/in/example207,+9198547993118
Technical Writer,Kolkata,https://linkedin.com/in/example208,+9199510789632
Data Analyst,Bangalore,https://linkedin.com/in/example209,+9199489609282
Business Analyst,Pune,https://linkedin.com/in/example210,+9197813002116
Marketing Manager,Delhi,https://linkedin.com/in/example211,+9198299622882
HR Executive,Hyderabad,https://linkedin.com/in/example212,+9197964895857
Product Manager,Bangalore,https://linkedin.com/in/example213,+9199501092886
Marketing Manager,Hyderabad,https://linkedin.com/in/example214,+9198359833695
Software Engineer,Jaipur,https://linkedin.com/in/example215,+9199144059756
DevOps Engineer,Jaipur,https://linkedin.com/in/example216,+9199791836064
Sales Executive,Mumbai,https://linkedin.com/in/example217,+9199362807877
Software Engineer,Jaipur,https://linkedin.com/in/example218,+9198622210744
Data Analyst,Ahmedabad,https://linkedin.com/in/example219,+9196760303615
Sales Executive,Chennai,https://linkedin.com/in/example220,+9197508583605
Marketing Manager,Mumbai,https://linkedin.com/in/example221,+9198259829995
HR Executive,Chennai,https://linkedin.com/in/example222,+9199043633706
Marketing Manager,Pune,https://linkedin.com/in/example223,+9197730096896
Sales Executive,Hyderabad,https://linkedin.com/in/example224,+9199640362620
HR Executive,Kolkata,https://linkedin.com/in/example225,+9199437255883
DevOps Engineer,Ahmedabad,https://linkedin.com/in/example226,+9196228269451
Business Analyst,Chandigarh,https://linkedin.com/in/example227,+9199727769523
Business Analyst,Hyderabad,https://linkedin.com/in/example228,+9199587946060
Technical Writer,Pune,https://linkedin.com/in/example229,+9197409366145
Product Manager,Kolkata,https://linkedin.com/in/example230,+9199470186873
Product Manager,Hyderabad,https://linkedin.com/in/example231,+9197174782805
Product Manager,Jaipur,https://linkedin.com/in/example232,+9199543401253
Product Manager,Delhi,https://linkedin.com/in/example233,+9196879827498
UX Designer,Chennai,https://linkedin.com/in/example234,+9198520616870
HR Executive,Bangalore,https://linkedin.com/in/example235,+9199467520416
UX Designer,Mumbai,https://linkedin.com/in/example236,+9197743140145
Technical Writer,Chandigarh,https://linkedin.com/in/example237,+9198527778112
Sales Executive,Mumbai,https://linkedin.com/in/example238,+9198698007203
Technical Writer,Hyderabad,https://linkedin.com/in/example239,+9199416635857
UX Designer,Ahmedabad,https://linkedin.com/in/example240,+9196701794465
UX Designer,Kolkata,https://linkedin.com/in/example241,+9197332452698
Technical Writer,Chandigarh,https://linkedin.com/in/example242,+9198607485987
UX Designer,Ahmedabad,https://linkedin.com/in/example243,+9196834018864
DevOps Engineer,Chandigarh,https://linkedin.com/in/example244,+9198875829904
Marketing Manager,Jaipur,https://linkedin.com/in/example245,+9196500853074
UX Designer,Jaipur,https://linkedin.com/in/example246,+9196107009715
Technical Writer,Mumbai,https://linkedin.com/in/example247,+9198327384635
Product Manager,Bangalore,https://linkedin.com/in/example248,+9199800875582
Technical Writer,Mumbai,https://linkedin.com/in/example249,+9198338630608
Sales Executive,Chennai,https://linkedin.com/in/example250,+9197810742321
HR Executive,Jaipur,https://linkedin.com/in/example251,+9199143871270
Business Analyst,Jaipur,https://linkedin.com/in/example252,+9196266527317
HR Executive,Kolkata,https://linkedin.com/in/example253,+9198508387663
Product Manager,Pune,https://linkedin.com/in/example254,+9198659581710
Sales Executive,Chandigarh,https://linkedin.com/in/example255,+9198319115300
Marketing Manager,Mumbai,https://linkedin.com/in/example256,+9199472253260
HR Executive,Pune,https://linkedin.com/in/example257,+9199688162223
Product Manager,Ahmedabad,https://linkedin.com/in/example258,+9196566959482
Product Manager,Chandigarh,https://linkedin.com/in/example259,+9196072526690
UX Designer,Mumbai,https://linkedin.com/in/example260,+9196450801870
HR Executive,Delhi,https://linkedin.com/in/example261,+9199932508241
HR Executive,Chennai,https://linkedin.com/in/example262,+9199675297332
Software Engineer,Chandigarh,https://linkedin.com/in/example263,+9199683781751
Data Analyst,Bangalore,https://linkedin.com/in/example264,+9197148520634
UX Designer,Bangalore,https://linkedin.com/in/example265,+9198257418510
Product Manager,Ahmedabad,https://linkedin.com/in/example266,+9197526970511
DevOps Engineer,Kolkata,https://linkedin.com/in/example267,+9196621080008
Marketing Manager,Chennai,https://linkedin.com/in/example268,+9198262841825
Sales Executive,Bangalore,https://linkedin.com/in/example269,+9197331611466
Data Analyst,Chandigarh,https://linkedin.com/in/example270,+9197906527735
Software Engineer,Kolkata,https://linkedin.com/in/example271,+9199680452127
Sales Executive,Ahmedabad,https://linkedin.com/in/example272,+9196827475526
Marketing Manager,Chennai,https://linkedin.com/in/example273,+9199801122375
Software Engineer,Chandigarh,https://linkedin.com/in/example274,+9197541301862
DevOps Engineer,Chennai,https://linkedin.com/in/example275,+9199886279437
Business Analyst,Hyderabad,https://linkedin.com/in/example276,+9196733680925
Technical Writer,Bangalore,https://linkedin.com/in/example277,+9197096190282
Business Analyst,Hyderabad,https://linkedin.com/in/example278,+9198805801694
DevOps Engineer,Mumbai,https://linkedin.com/in/example279,+9196483622858
UX Designer,Hyderabad,https://linkedin.com/in/example280,+9196415057658
HR Executive,Chennai,https://linkedin.com/in/example281,+9199527505583
UX Designer,Pune,https://linkedin.com/in/example282,+9198106011575
Sales Executive,Kolkata,https://linkedin.com/in/example283,+9196940300258
Marketing Manager,Bangalore,https://linkedin.com/in/example284,+9199851909437
Product Manager,Jaipur,https://linkedin.com/in/example285,+9198113536032
Sales Executive,Ahmedabad,https://linkedin.com/in/example286,+9196525498437
Sales Executive,Chandigarh,https://linkedin.com/in/example287,+9196114356516
Sales Executive,Delhi,https://linkedin.com/in/example288,+9197618426556
DevOps Engineer,Delhi,https://linkedin.com/in/example289,+9198469553664
Software Engineer,Kolkata,https://linkedin.com/in/example290,+9199247987939
DevOps Engineer,Delhi,https://linkedin.com/in/example291,+9196234919697
Marketing Manager,Chennai,https://linkedin.com/in/example292,+9199986340396
DevOps Engineer,Ahmedabad,https://linkedin.com/in/example293,+9199618590438
Sales Executive,Chennai,https://linkedin.com/in/example294,+9196974034644
Product Manager,Kolkata,https://linkedin.com/in/example295,+9199236199888
Software Engineer,Jaipur,https://linkedin.com/in/example296,+9197826742488
Software Engineer,Kolkata,https://linkedin.com/in/example297,+9196696265428
Marketing Manager,Kolkata,https://linkedin.com/in/example298,+9198135881409
HR Executive,Pune,https://linkedin.com/in/example299,+9198145536533
DevOps Engineer,Delhi,https://linkedin.com/in/example300,+9199969448687
Technical Writer,Chennai,https://linkedin.com/in/example301,+9197974132656
Business Analyst,Mumbai,https://linkedin.com/in/example302,+9197232232792
HR Executive,Hyderabad,https://linkedin.com/in/example303,+9199357033662
UX Designer,Kolkata,https://linkedin.com/in/example304,+9197003126510
Software Engineer,Kolkata,https://linkedin.com/in/example305,+9197241913681
Business Analyst,Ahmedabad,https://linkedin.com/in/example306,+9199524397458
Software Engineer,Ahmedabad,https://linkedin.com/in/example307,+9197268802566
Data Analyst,Chandigarh,https://linkedin.com/in/example308,+9196317130347
HR Executive,Mumbai,https://linkedin.com/in/example309,+9198246012519
UX Designer,Bangalore,https://linkedin.com/in/example310,+9197616945032
UX Designer,Mumbai,https://linkedin.com/in/example311,+9196053824149
Technical Writer,Mumbai,https://linkedin.com/in/example312,+9196427440683
UX Designer,Delhi,https://linkedin.com/in/example313,+9196117914769
DevOps Engineer,Ahmedabad,https://linkedin.com/in/example314,+9198954336786
Software Engineer,Bangalore,https://linkedin.com/in/example315,+9197317682173
Software Engineer,Chennai,https://linkedin.com/in/example316,+9196959085252
Marketing Manager,Delhi,https://linkedin.com/in/example317,+9198569955593
Sales Executive,Chennai,https://linkedin.com/in/example318,+9196015927071
Product Manager,Bangalore,https://linkedin.com/in/example319,+9197150224983
HR Executive,Mumbai,https://linkedin.com/in/example320,+9197013381726
Sales Executive,Ahmedabad,https://linkedin.com/in/example321,+9197884388882
Software Engineer,Hyderabad,https://linkedin.com/in/example322,+9199596636868
Data Analyst,Pune,https://linkedin.com/in/example323,+9198794743671
UX Designer,Delhi,https://linkedin.com/in/example324,+9198236514670
UX Designer,Pune,https://linkedin.com/in/example325,+9197204183102
Product Manager,Jaipur,https://linkedin.com/in/example326,+9199300392577
Marketing Manager,Hyderabad,https://linkedin.com/in/example327,+9196233382846
HR Executive,Pune,https://linkedin.com/in/example328,+9197548069362
Sales Executive,Chennai,https://linkedin.com/in/example329,+9199334350916
Data Analyst,Ahmedabad,https://linkedin.com/in/example330,+9196323665512
HR Executive,Hyderabad,https://linkedin.com/in/example331,+9198597077574
DevOps Engineer,Kolkata,https://linkedin.com/in/example332,+9199643485737
DevOps Engineer,Delhi,https://linkedin.com/in/example333,+9198399007121
Data Analyst,Chandigarh,https://linkedin.com/in/example334,+9198441955021
Product Manager,Chandigarh,https://linkedin.com/in/example335,+9197606619328
DevOps Engineer,Bangalore,https://linkedin.com/in/example336,+9197162234523
Business Analyst,Hyderabad,https://linkedin.com/in/example337,+9198846654583
UX Designer,Chennai,https://linkedin.com/in/example338,+9197899662186
Software Engineer,Chennai,https://linkedin.com/in/example339,+9198721186235
Sales Executive,Pune,https://linkedin.com/in/example340,+9198093135944
DevOps Engineer,Chennai,https://linkedin.com/in/example341,+9198959904075
Product Manager,Ahmedabad,https://linkedin.com/in/example342,+9197913728352
Software Engineer,Kolkata,https://linkedin.com/in/example343,+9198655699756
Marketing Manager,Chennai,https://linkedin.com/in/example344,+9196586818021
Product Manager,Pune,https://linkedin.com/in/example345,+9196768658467
Technical Writer,Hyderabad,https://linkedin.com/in/example346,+9199844062297
UX Designer,Chennai,https://linkedin.com/in/example347,+9197566924475
Data Analyst,Mumbai,https://linkedin.com/in/example348,+9197505061847
Sales Executive,Ahmedabad,https://linkedin.com/in/example349,+9196013679224
DevOps Engineer,Pune,https://linkedin.com/in/example350,+9197246982965
DevOps Engineer,Mumbai,https://linkedin.com/in/example351,+9199338782470
Product Manager,Chandigarh,https://linkedin.com/in/example352,+9199197066656
UX Designer,Delhi,https://linkedin.com/in/example353,+9196721952889
Technical Writer,Chandigarh,https://linkedin.com/in/example354,+9199817646645
Data Analyst,Kolkata,https://linkedin.com/in/example355,+9198942134870
Product Manager,Ahmedabad,https://linkedin.com/in/example356,+9196615530135
UX Designer,Pune,https://linkedin.com/in/example357,+9197298200899
Sales Executive,Jaipur,https://linkedin.com/in/example358,+9199068053851
DevOps Engineer,Jaipur,https://linkedin.com/in/example359,+9196613182486
Technical Writer,Mumbai,https://linkedin.com/in/example360,+9196095213353
Marketing Manager,Mumbai,https://linkedin.com/in/example361,+9196241108713
Technical Writer,Chennai,https://linkedin.com/in/example362,+9197480279374
HR Executive,Kolkata,https://linkedin.com/in/example363,+9196435008396
Data Analyst,Kolkata,https://linkedin.com/in/example364,+9199965936848
Marketing Manager,Kolkata,https://linkedin.com/in/example365,+9198889355459
Technical Writer,Mumbai,https://linkedin.com/in/example366,+9196416277293
Technical Writer,Pune,https://linkedin.com/in/example367,+9199897953144
Business Analyst,Bangalore,https://linkedin.com/in/example368,+9197682581515
Sales Executive,Hyderabad,https://linkedin.com/in/example369,+9197804545488
DevOps Engineer,Jaipur,https://linkedin.com/in/example370,+9197848640410
Data Analyst,Ahmedabad,https://linkedin.com/in/example371,+9198463979180
Technical Writer,Pune,https://linkedin.com/in/example372,+9197732438670
Business Analyst,Jaipur,https://linkedin.com/in/example373,+9196466738432
UX Designer,Pune,https://linkedin.com/in/example374,+9198543319161
Product Manager,Hyderabad,https://linkedin.com/in/example375,+9198226689205
Software Engineer,Chennai,https://linkedin.com/in/example376,+9199969922575
Sales Executive,Ahmedabad,https://linkedin.com/in/example377,+9199225279367
Sales Executive,Chandigarh,https://linkedin.com/in/example378,+9196160769045
Marketing Manager,Chandigarh,https://linkedin.com/in/example379,+9199939806412
DevOps Engineer,Jaipur,https://linkedin.com/in/example380,+9198649808417
DevOps Engineer,Chennai,https://linkedin.com/in/example381,+9198360574423
Data Analyst,Kolkata,https://linkedin.com/in/example382,+9196779728362
Business Analyst,Hyderabad,https://linkedin.com/in/example383,+9197959171975
Data Analyst,Delhi,https://linkedin.com/in/example384,+9197415293431
Data Analyst,Kolkata,https://linkedin.com/in/example385,+9197638140661
DevOps Engineer,Kolkata,https://linkedin.com/in/example386,+9197487971365
Marketing Manager,Pune,https://linkedin.com/in/example387,+9198312409964
Product Manager,Delhi,https://linkedin.com/in/example388,+9199227132790
UX Designer,Chandigarh,https://linkedin.com/in/example389,+9196537439093
Software Engineer,Chandigarh,https://linkedin.com/in/example390,+9198882070459
Sales Executive,Ahmedabad,https://linkedin.com/in/example391,+9198107664432
UX Designer,Jaipur,https://linkedin.com/in/example392,+9197730427157
Marketing Manager,Chennai,https://linkedin.com/in/example393,+9196139099788
Product Manager,Mumbai,https://linkedin.com/in/example394,+9199612973965
Technical Writer,Kolkata,https://linkedin.com/in/example395,+9198889130507
Technical Writer,Kolkata,https://linkedin.com/in/example396,+9196882420499
Technical Writer,Ahmedabad,https://linkedin.com/in/example397,+9198288928792
Sales Executive,Chandigarh,https://linkedin.com/in/example398,+9196241995647
Business Analyst,Delhi,https://linkedin.com/in/example399,+9198942032091
Business Analyst,Delhi,https://linkedin.com/in/example400,+9197830773343
UX Designer,Hyderabad,https://linkedin.com/in/example401,+9198786176673
Marketing Manager,Chandigarh,https://linkedin.com/in/example402,+9196009936843
Product Manager,Kolkata,https://linkedin.com/in/example403,+9199099063795
Software Engineer,Chennai,https://linkedin.com/in/example404,+9197560018485
DevOps Engineer,Bangalore,https://linkedin.com/in/example405,+9199913875690
Technical Writer,Kolkata,https://linkedin.com/in/example406,+9196614719935
UX Designer,Hyderabad,https://linkedin.com/in/example407,+9196119527486
UX Designer,Mumbai,https://linkedin.com/in/example408,+9197710068794
Product Manager,Chennai,https://linkedin.com/in/example409,+9196314982608
Sales Executive,Chandigarh,https://linkedin.com/in/example410,+9198143748512
Software Engineer,Chandigarh,https://linkedin.com/in/example411,+9197416383332
HR Executive,Kolkata,https://linkedin.com/in/example412,+9196162583010
Data Analyst,Pune,https://linkedin.com/in/example413,+9197929680054
Software Engineer,Mumbai,https://linkedin.com/in/example414,+9198115709611
Software Engineer,Chennai,https://linkedin.com/in/example415,+9199312552007
HR Executive,Delhi,https://linkedin.com/in/example416,+9198115210476
Technical Writer,Mumbai,https://linkedin.com/in/example417,+9196190525200
Software Engineer,Delhi,https://linkedin.com/in/example418,+9199616998201
Sales Executive,Kolkata,https://linkedin.com/in/example419,+9196040828441
Software Engineer,Kolkata,https://linkedin.com/in/example420,+9198705249076
Sales Executive,Kolkata,https://linkedin.com/in/example421,+9198673985114
UX Designer,Mumbai,https://linkedin.com/in/example422,+9199420286169
HR Executive,Kolkata,https://linkedin.com/in/example423,+9196591078412
Marketing Manager,Bangalore,https://linkedin.com/in/example424,+9196163866294
Sales Executive,Jaipur,https://linkedin.com/in/example425,+9197353338432
HR Executive,Chandigarh,https://linkedin.com/in/example426,+9196986233433
Data Analyst,Chennai,https://linkedin.com/in/example427,+9196789800123
DevOps Engineer,Kolkata,https://linkedin.com/in/example428,+9198461634370
Data Analyst,Pune,https://linkedin.com/in/example429,+9196964837063
Technical Writer,Hyderabad,https://linkedin.com/in/example430,+9199561369052
Sales Executive,Delhi,https://linkedin.com/in/example431,+9199312968081
Business Analyst,Hyderabad,https://linkedin.com/in/example432,+9199539512680
UX Designer,Jaipur,https://linkedin.com/in/example433,+9197117566386
DevOps Engineer,Chandigarh,https://linkedin.com/in/example434,+9197167505795
Marketing Manager,Chennai,https://linkedin.com/in/example435,+9199913719031
Marketing Manager,Kolkata,https://linkedin.com/in/example436,+9196028618793
Data Analyst,Hyderabad,https://linkedin.com/in/example437,+9197514923426
Product Manager,Chandigarh,https://linkedin.com/in/example438,+9196876944577
Business Analyst,Hyderabad,https://linkedin.com/in/example439,+9199910548245
HR Executive,Jaipur,https://linkedin.com/in/example440,+9196516907123
UX Designer,Chennai,https://linkedin.com/in/example441,+9199987645790
Software Engineer,Ahmedabad,https://linkedin.com/in/example442,+9198291830913
Product Manager,Delhi,https://linkedin.com/in/example443,+9199719979036
Business Analyst,Mumbai,https://linkedin.com/in/example444,+9196338144351
Technical Writer,Bangalore,https://linkedin.com/in/example445,+9197695052436
Product Manager,Ahmedabad,https://linkedin.com/in/example446,+9198637264972
Software Engineer,Ahmedabad,https://linkedin.com/in/example447,+9199851138029
Business Analyst,Delhi,https://linkedin.com/in/example448,+9197307652634
Marketing Manager,Chandigarh,https://linkedin.com/in/example449,+9198454656894
Software Engineer,Delhi,https://linkedin.com/in/example450,+9196704915935
Technical Writer,Hyderabad,https://linkedin.com/in/example451,+9198296906079
UX Designer,Kolkata,https://linkedin.com/in/example452,+9199061798344
Technical Writer,Jaipur,https://linkedin.com/in/example453,+9198027587873
HR Executive,Pune,https://linkedin.com/in/example454,+9198141218111
Technical Writer,Kolkata,https://linkedin.com/in/example455,+9199687449535
HR Executive,Hyderabad,https://linkedin.com/in/example456,+9199674872623
Technical Writer,Chennai,https://linkedin.com/in/example457,+9199498025680
Sales Executive,Kolkata,https://linkedin.com/in/example458,+9198201610678
Marketing Manager,Ahmedabad,https://linkedin.com/in/example459,+9199364725452
Sales Executive,Jaipur,https://linkedin.com/in/example460,+9197898213037
DevOps Engineer,Chennai,https://linkedin.com/in/example461,+9198323162789
Software Engineer,Pune,https://linkedin.com/in/example462,+9198827045662
UX Designer,Chandigarh,https://linkedin.com/in/example463,+9197388241908
HR Executive,Delhi,https://linkedin.com/in/example464,+9198008240703
Business Analyst,Bangalore,https://linkedin.com/in/example465,+9197716759592
Business Analyst,Hyderabad,https://linkedin.com/in/example466,+9199739145555
Product Manager,Delhi,https://linkedin.com/in/example467,+9196292454431
Marketing Manager,Hyderabad,https://linkedin.com/in/example468,+9196906203805
HR Executive,Bangalore,https://linkedin.com/in/example469,+9198244601061
HR Executive,Bangalore,https://linkedin.com/in/example470,+9198461893313
Product Manager,Ahmedabad,https://linkedin.com/in/example471,+9196805676796
Software Engineer,Chennai,https://linkedin.com/in/example472,+9196575748275
DevOps Engineer,Kolkata,https://linkedin.com/in/example473,+9199125179889
Sales Executive,Delhi,https://linkedin.com/in/example474,+9197022921037
HR Executive,Kolkata,https://linkedin.com/in/example475,+9196263158180
Data Analyst,Hyderabad,https://linkedin.com/in/example476,+9199879161754
Data Analyst,Ahmedabad,https://linkedin.com/in/example477,+9199923287452
UX Designer,Kolkata,https://linkedin.com/in/example478,+9198391189785
Data Analyst,Kolkata,https://linkedin.com/in/example479,+9197629712017
Software Engineer,Bangalore,https://linkedin.com/in/example480,+9199293563576
UX Designer,Delhi,https://linkedin.com/in/example481,+9196769511588
Software Engineer,Delhi,https://linkedin.com/in/example482,+9199803724215
Data Analyst,Bangalore,https://linkedin.com/in/example483,+9196648534723
Marketing Manager,Chandigarh,https://linkedin.com/in/example484,+9197909937486
Data Analyst,Hyderabad,https://linkedin.com/in/example485,+9197959286840
Product Manager,Chandigarh,https://linkedin.com/in/example486,+9198806959325
Marketing Manager,Bangalore,https://linkedin.com/in/example487,+9199254967026
Data Analyst,Hyderabad,https://linkedin.com/in/example488,+9198896087703
DevOps Engineer,Jaipur,https://linkedin.com/in/example489,+9199640179125
Data Analyst,Jaipur,https://linkedin.com/in/example490,+9196020183398
DevOps Engineer,Delhi,https://linkedin.com/in/example491,+9197857217661
Technical Writer,Chennai,https://linkedin.com/in/example492,+9196823425583
Software Engineer,Mumbai,https://linkedin.com/in/example493,+9198199628795
Software Engineer,Mumbai,https://linkedin.com/in/example494,+9197144113479
Software Engineer,Hyderabad,https://linkedin.com/in/example495,+9198471440703
DevOps Engineer,Delhi,https://linkedin.com/in/example496,+9197841285844
Business Analyst,Chandigarh,https://linkedin.com/in/example497,+9198998715277
Software Engineer,Kolkata,https://linkedin.com/in/example498,+9198279422552
Data Analyst,Delhi,https://linkedin.com/in/example499,+9199708817434
Marketing Manager,Jaipur,https://linkedin.com/in/example500,+9198910279153
Software Engineer,Hyderabad,https://linkedin.com/in/example501,+9196929188142
Sales Executive,Ahmedabad,https://linkedin.com/in/example502,+9198611712400
Data Analyst,Jaipur,https://linkedin.com/in/example503,+9198012177578
Product Manager,Jaipur,https://linkedin.com/in/example504,+9196785673330
Technical Writer,Delhi,https://linkedin.com/in/example505,+9198669752285
UX Designer,Chennai,https://linkedin.com/in/example506,+9197887502457
HR Executive,Delhi,https://linkedin.com/in/example507,+9198454072283
Marketing Manager,Pune,https://linkedin.com/in/example508,+9198807882338
DevOps Engineer,Hyderabad,https://linkedin.com/in/example509,+9198371655310
Marketing Manager,Chennai,https://linkedin.com/in/example510,+9196761926545
UX Designer,Hyderabad,https://linkedin.com/in/example511,+9197102316730
UX Designer,Chandigarh,https://linkedin.com/in/example512,+9199658195776
Sales Executive,Ahmedabad,https://linkedin.com/in/example513,+9196626771755
UX Designer,Kolkata,https://linkedin.com/in/example514,+9199932738012
Data Analyst,Mumbai,https://linkedin.com/in/example515,+9199000950329
Software Engineer,Chandigarh,https://linkedin.com/in/example516,+9196329274396
Data Analyst,Chennai,https://linkedin.com/in/example517,+9198347441662
Technical Writer,Mumbai,https://linkedin.com/in/example518,+9196554359168
DevOps Engineer,Delhi,https://linkedin.com/in/example519,+9196868034639
Sales Executive,Jaipur,https://linkedin.com/in/example520,+9198108933578
Data Analyst,Ahmedabad,https://linkedin.com/in/example521,+9197387148816
Sales Executive,Ahmedabad,https://linkedin.com/in/example522,+9197905970018
Sales Executive,Pune,https://linkedin.com/in/example523,+9197610501676
Software Engineer,Ahmedabad,https://linkedin.com/in/example524,+9197264047513
HR Executive,Kolkata,https://linkedin.com/in/example525,+9197859227598
Software Engineer,Hyderabad,https://linkedin.com/in/example526,+9199251998185
Software Engineer,Ahmedabad,https://linkedin.com/in/example527,+9196332980811
DevOps Engineer,Delhi,https://linkedin.com/in/example528,+9198949201638
UX Designer,Hyderabad,https://linkedin.com/in/example529,+9196291482974
Business Analyst,Kolkata,https://linkedin.com/in/example530,+9198927016721
DevOps Engineer,Chandigarh,https://linkedin.com/in/example531,+9199792326302
Product Manager,Kolkata,https://linkedin.com/in/example532,+9197517388933
Business Analyst,Kolkata,https://linkedin.com/in/example533,+9197485286435
Sales Executive,Bangalore,https://linkedin.com/in/example534,+9199169245019
Business Analyst,Ahmedabad,https://linkedin.com/in/example535,+9199163678787
Technical Writer,Delhi,https://linkedin.com/in/example536,+9197240419665
Technical Writer,Pune,https://linkedin.com/in/example537,+9196660520046
Business Analyst,Chennai,https://linkedin.com/in/example538,+9198842400412
Technical Writer,Bangalore,https://linkedin.com/in/example539,+9198134366064
Marketing Manager,Delhi,https://linkedin.com/in/example540,+9196332683056
DevOps Engineer,Ahmedabad,https://linkedin.com/in/example541,+9197590159460
DevOps Engineer,Kolkata,https://linkedin.com/in/example542,+9197725171349
Product Manager,Bangalore,https://linkedin.com/in/example543,+9197512232258
HR Executive,Ahmedabad,https://linkedin.com/in/example544,+9199055737392
HR Executive,Pune,https://linkedin.com/in/example545,+9197876533454
UX Designer,Chandigarh,https://linkedin.com/in/example546,+9196838271035
Business Analyst,Ahmedabad,https://linkedin.com/in/example547,+9199357222281
Product Manager,Ahmedabad,https://linkedin.com/in/example548,+9196904407714
Technical Writer,Mumbai,https://linkedin.com/in/example549,+9196025141984
HR Executive,Hyderabad,https://linkedin.com/in/example550,+9196557615378
Business Analyst,Chandigarh,https://linkedin.com/in/example551,+9197329566598
Technical Writer,Bangalore,https://linkedin.com/in/example552,+9197530852636
Product Manager,Hyderabad,https://linkedin.com/in/example553,+9199913920580
Product Manager,Ahmedabad,https://linkedin.com/in/example554,+9196521487502
HR Executive,Bangalore,https://linkedin.com/in/example555,+9199684068425
Software Engineer,Mumbai,https://linkedin.com/in/example556,+9196666601901
Business Analyst,Ahmedabad,https://linkedin.com/in/example557,+9198505794249
Technical Writer,Bangalore,https://linkedin.com/in/example558,+9197176895922
Technical Writer,Bangalore,https://linkedin.com/in/example559,+9196490216489
DevOps Engineer,Kolkata,https://linkedin.com/in/example560,+9196692748928
Business Analyst,Jaipur,https://linkedin.com/in/example561,+9197508057831
Technical Writer,Chandigarh,https://linkedin.com/in/example562,+9196465599807
HR Executive,Kolkata,https://linkedin.com/in/example563,+9196461391887
Technical Writer,Mumbai,https://linkedin.com/in/example564,+9198376036739
Sales Executive,Mumbai,https://linkedin.com/in/example565,+9196658919800
UX Designer,Jaipur,https://linkedin.com/in/example566,+9197613170995
HR Executive,Pune,https://linkedin.com/in/example567,+9197871285123
Product Manager,Bangalore,https://linkedin.com/in/example568,+9198445040745
Technical Writer,Ahmedabad,https://linkedin.com/in/example569,+9196095179386
Software Engineer,Bangalore,https://linkedin.com/in/example570,+9196361819268
Data Analyst,Hyderabad,https://linkedin.com/in/example571,+9196555292206
Technical Writer,Bangalore,https://linkedin.com/in/example572,+9197823011777
Marketing Manager,Bangalore,https://linkedin.com/in/example573,+9199282698466
UX Designer,Bangalore,https://linkedin.com/in/example574,+9199427488862
Marketing Manager,Delhi,https://linkedin.com/in/example575,+9199874908305
Software Engineer,Delhi,https://linkedin.com/in/example576,+9198848716444
Data Analyst,Chennai,https://linkedin.com/in/example577,+9197549664356
HR Executive,Bangalore,https://linkedin.com/in/example578,+9198868076301
Data Analyst,Ahmedabad,https://linkedin.com/in/example579,+9198453691909
DevOps Engineer,Ahmedabad,https://linkedin.com/in/example580,+9198415006356
HR Executive,Hyderabad,https://linkedin.com/in/example581,+9198067907365
Sales Executive,Kolkata,https://linkedin.com/in/example582,+9196531648497
Marketing Manager,Pune,https://linkedin.com/in/example583,+9199586503727
Marketing Manager,Kolkata,https://linkedin.com/in/example584,+9199749224746
Sales Executive,Hyderabad,https://linkedin.com/in/example585,+9198643131481
Marketing Manager,Chennai,https://linkedin.com/in/example586,+9198761556488
HR Executive,Chandigarh,https://linkedin.com/in/example587,+9199630468016
Product Manager,Chandigarh,https://linkedin.com/in/example588,+9196500214933
Software Engineer,Delhi,https://linkedin.com/in/example589,+9196500131053
Data Analyst,Pune,https://linkedin.com/in/example590,+9198804254836
Business Analyst,Pune,https://linkedin.com/in/example591,+9198150934162
Sales Executive,Ahmedabad,https://linkedin.com/in/example592,+9198780944925
Software Engineer,Delhi,https://linkedin.com/in/example593,+9196508454114
Business Analyst,Jaipur,https://linkedin.com/in/example594,+9196443664297
Business Analyst,Mumbai,https://linkedin.com/in/example595,+9196109981248
DevOps Engineer,Mumbai,https://linkedin.com/in/example596,+9198642509203
DevOps Engineer,Ahmedabad,https://linkedin.com/in/example597,+9197291456612
UX Designer,Mumbai,https://linkedin.com/in/example598,+9198411976729
Marketing Manager,Hyderabad,https://linkedin.com/in/example599,+9198077750425
UX Designer,Ahmedabad,https://linkedin.com/in/example600,+9199536311110
UX Designer,Hyderabad,https://linkedin.com/in/example601,+9198930965865
Business Analyst,Pune,https://linkedin.com/in/example602,+9196494887292
Software Engineer,Pune,https://linkedin.com/in/example603,+9199086259110
HR Executive,Jaipur,https://linkedin.com/in/example604,+9197240328802
Sales Executive,Chandigarh,https://linkedin.com/in/example605,+9197394936778
Marketing Manager,Kolkata,https://linkedin.com/in/example606,+9197705043231
Business Analyst,Mumbai,https://linkedin.com/in/example607,+9197475104391
Software Engineer,Pune,https://linkedin.com/in/example608,+9198060424126
Data Analyst,Mumbai,https://linkedin.com/in/example609,+9197618077008
UX Designer,Pune,https://linkedin.com/in/example610,+9197909533414
Technical Writer,Bangalore,https://linkedin.com/in/example611,+9198138103134
Data Analyst,Chennai,https://linkedin.com/in/example612,+9199477340370
Data Analyst,Pune,https://linkedin.com/in/example613,+9197121697380
Data Analyst,Ahmedabad,https://linkedin.com/in/example614,+9196926985330
Software Engineer,Hyderabad,https://linkedin.com/in/example615,+9199841484736
Technical Writer,Chandigarh,https://linkedin.com/in/example616,+9196343976058
UX Designer,Chennai,https://linkedin.com/in/example617,+9199053444820
Technical Writer,Kolkata,https://linkedin.com/in/example618,+9199135156984
Marketing Manager,Pune,https://linkedin.com/in/example619,+9197339138550
HR Executive,Chennai,https://linkedin.com/in/example620,+9196970576854
HR Executive,Chennai,https://linkedin.com/in/example621,+9198127238046
Sales Executive,Chandigarh,https://linkedin.com/in/example622,+9196256602370
Software Engineer,Bangalore,https://linkedin.com/in/example623,+9196444231484
Sales Executive,Chandigarh,https://linkedin.com/in/example624,+9196210431102
Product Manager,Jaipur,https://linkedin.com/in/example625,+9199668781262
HR Executive,Ahmedabad,https://linkedin.com/in/example626,+9198902857054
Marketing Manager,Bangalore,https://linkedin.com/in/example627,+9197269344843
Sales Executive,Mumbai,https://linkedin.com/in/example628,+9198667864685
UX Designer,Delhi,https://linkedin.com/in/example629,+9199667538092
Sales Executive,Hyderabad,https://linkedin.com/in/example630,+9197073714663
Marketing Manager,Delhi,https://linkedin.com/in/example631,+9197823462221
Business Analyst,Pune,https://linkedin.com/in/example632,+9198089645492
DevOps Engineer,Hyderabad,https://linkedin.com/in/example633,+9199109128541
DevOps Engineer,Mumbai,https://linkedin.com/in/example634,+9199509396955
Sales Executive,Pune,https://linkedin.com/in/example635,+9198916434842
HR Executive,Kolkata,https://linkedin.com/in/example636,+9199582212273
Marketing Manager,Mumbai,https://linkedin.com/in/example637,+9198623066831
HR Executive,Hyderabad,https://linkedin.com/in/example638,+9196459169181
Data Analyst,Bangalore,https://linkedin.com/in/example639,+9199643937504
Technical Writer,Chennai,https://linkedin.com/in/example640,+9198644890890
Business Analyst,Delhi,https://linkedin.com/in/example641,+9197942113152
Marketing Manager,Kolkata,https://linkedin.com/in/example642,+9197300358620
Data Analyst,Hyderabad,https://linkedin.com/in/example643,+9198669058231
Technical Writer,Pune,https://linkedin.com/in/example644,+9198702829247
Marketing Manager,Kolkata,https://linkedin.com/in/example645,+9198905139755
UX Designer,Jaipur,https://linkedin.com/in/example646,+9198225436375
UX Designer,Bangalore,https://linkedin.com/in/example647,+9197615543454
Data Analyst,Mumbai,https://linkedin.com/in/example648,+9198706064411
Product Manager,Bangalore,https://linkedin.com/in/example649,+9199818372090
Product Manager,Jaipur,https://linkedin.com/in/example650,+9197773862064
Product Manager,Hyderabad,https://linkedin.com/in/example651,+9199665016779
Marketing Manager,Ahmedabad,https://linkedin.com/in/example652,+9198950289929
UX Designer,Ahmedabad,https://linkedin.com/in/example653,+9199609493277
Software Engineer,Delhi,https://linkedin.com/in/example654,+9196085123041
Data Analyst,Hyderabad,https://linkedin.com/in/example655,+9199530802461
HR Executive,Chennai,https://linkedin.com/in/example656,+9197719357518
Technical Writer,Chennai,https://linkedin.com/in/example657,+9197168862773
Marketing Manager,Pune,https://linkedin.com/in/example658,+9199656787064
Software Engineer,Jaipur,https://linkedin.com/in/example659,+9197141343520
Product Manager,Hyderabad,https://linkedin.com/in/example660,+9198199412441
Technical Writer,Pune,https://linkedin.com/in/example661,+9199967992920
Business Analyst,Delhi,https://linkedin.com/in/example662,+9196422273563
Data Analyst,Bangalore,https://linkedin.com/in/example663,+9196571769494
Software Engineer,Jaipur,https://linkedin.com/in/example664,+9199802294288
Technical Writer,Chandigarh,https://linkedin.com/in/example665,+9196475697097
Software Engineer,Kolkata,https://linkedin.com/in/example666,+9198833437209
HR Executive,Hyderabad,https://linkedin.com/in/example667,+9198169528346
Business Analyst,Kolkata,https://linkedin.com/in/example668,+9197952162107
Sales Executive,Hyderabad,https://linkedin.com/in/example669,+9197825773474
Technical Writer,Chennai,https://linkedin.com/in/example670,+9199476818821
HR Executive,Pune,https://linkedin.com/in/example671,+9197257282034
Data Analyst,Kolkata,https://linkedin.com/in/example672,+9196326991559
UX Designer,Bangalore,https://linkedin.com/in/example673,+9199294149814
Marketing Manager,Bangalore,https://linkedin.com/in/example674,+9199250698338
Software Engineer,Mumbai,https://linkedin.com/in/example675,+9197142112347
HR Executive,Bangalore,https://linkedin.com/in/example676,+9197593755484
Business Analyst,Ahmedabad,https://linkedin.com/in/example677,+9198389861265
HR Executive,Delhi,https://linkedin.com/in/example678,+9197487560525
DevOps Engineer,Mumbai,https://linkedin.com/in/example679,+9196827580738
UX Designer,Chandigarh,https://linkedin.com/in/example680,+9197439643332
Product Manager,Chandigarh,https://linkedin.com/in/example681,+9199758348115
Data Analyst,Kolkata,https://linkedin.com/in/example682,+9196513998188
Business Analyst,Bangalore,https://linkedin.com/in/example683,+9199528286867
Business Analyst,Hyderabad,https://linkedin.com/in/example684,+9196735949166
DevOps Engineer,Chennai,https://linkedin.com/in/example685,+9197979590003
Software Engineer,Pune,https://linkedin.com/in/example686,+9199043214793
HR Executive,Hyderabad,https://linkedin.com/in/example687,+9199109189665
Data Analyst,Chandigarh,https://linkedin.com/in/example688,+9196263852936
Sales Executive,Kolkata,https://linkedin.com/in/example689,+9196213980074
UX Designer,Chennai,https://linkedin.com/in/example690,+9198534147359
DevOps Engineer,Pune,https://linkedin.com/in/example691,+9198678397296
Marketing Manager,Kolkata,https://linkedin.com/in/example692,+9197456222781
Software Engineer,Delhi,https://linkedin.com/in/example693,+9196093617232
Technical Writer,Jaipur,https://linkedin.com/in/example694,+9199329425008
Technical Writer,Delhi,https://linkedin.com/in/example695,+9197668274749
UX Designer,Mumbai,https://linkedin.com/in/example696,+9196343518895
Software Engineer,Bangalore,https://linkedin.com/in/example697,+9196846234608
Sales Executive,Mumbai,https://linkedin.com/in/example698,+9197830229092
UX Designer,Chandigarh,https://linkedin.com/in/example699,+9198105339677
Product Manager,Bangalore,https://linkedin.com/in/example700,+9198586191304
Technical Writer,Chandigarh,https://linkedin.com/in/example701,+9196571497167
Business Analyst,Kolkata,https://linkedin.com/in/example702,+9197357728369
Software Engineer,Delhi,https://linkedin.com/in/example703,+9198198372257
UX Designer,Chandigarh,https://linkedin.com/in/example704,+9196321502887
Product Manager,Chandigarh,https://linkedin.com/in/example705,+9196338220671
Technical Writer,Kolkata,https://linkedin.com/in/example706,+9199026428737
Sales Executive,Chennai,https://linkedin.com/in/example707,+9198289365505
UX Designer,Mumbai,https://linkedin.com/in/example708,+9197351927972
Data Analyst,Delhi,https://linkedin.com/in/example709,+9198387295841
Marketing Manager,Kolkata,https://linkedin.com/in/example710,+9197733870893
HR Executive,Hyderabad,https://linkedin.com/in/example711,+9197333908483
Product Manager,Jaipur,https://linkedin.com/in/example712,+9198315671472
Technical Writer,Ahmedabad,https://linkedin.com/in/example713,+9197891649941
DevOps Engineer,Delhi,https://linkedin.com/in/example714,+9197494414091
Marketing Manager,Chennai,https://linkedin.com/in/example715,+9199940302142
DevOps Engineer,Pune,https://linkedin.com/in/example716,+9196577057492
Marketing Manager,Chandigarh,https://linkedin.com/in/example717,+9199290905144
HR Executive,Kolkata,https://linkedin.com/in/example718,+9196126235015
Technical Writer,Delhi,https://linkedin.com/in/example719,+9197803333711
Data Analyst,Delhi,https://linkedin.com/in/example720,+9199219880896
Marketing Manager,Ahmedabad,https://linkedin.com/in/example721,+9198195475358
Marketing Manager,Chandigarh,https://linkedin.com/in/example722,+9198284976473
UX Designer,Kolkata,https://linkedin.com/in/example723,+9199233722802
Technical Writer,Jaipur,https://linkedin.com/in/example724,+9199865264566
Software Engineer,Chennai,https://linkedin.com/in/example725,+9199340342895
Marketing Manager,Hyderabad,https://linkedin.com/in/example726,+9196768488908
Technical Writer,Hyderabad,https://linkedin.com/in/example727,+9198592481761
Technical Writer,Hyderabad,https://linkedin.com/in/example728,+9199820419207
Sales Executive,Delhi,https://linkedin.com/in/example729,+9197647553307
Data Analyst,Chandigarh,https://linkedin.com/in/example730,+9196183994048
Data Analyst,Jaipur,https://linkedin.com/in/example731,+9196984708828
Technical Writer,Ahmedabad,https://linkedin.com/in/example732,+9198550656861
Business Analyst,Chennai,https://linkedin.com/in/example733,+9198763540771
Business Analyst,Chandigarh,https://linkedin.com/in/example734,+9198458997511
HR Executive,Ahmedabad,https://linkedin.com/in/example735,+9198705712482
Marketing Manager,Delhi,https://linkedin.com/in/example736,+9196401837787
UX Designer,Pune,https://linkedin.com/in/example737,+9198482452209
Sales Executive,Kolkata,https://linkedin.com/in/example738,+9196339601238
HR Executive,Chandigarh,https://linkedin.com/in/example739,+9199310752530
Software Engineer,Delhi,https://linkedin.com/in/example740,+9198891129062
DevOps Engineer,Ahmedabad,https://linkedin.com/in/example741,+9198006355087
Sales Executive,Kolkata,https://linkedin.com/in/example742,+9196642651560
DevOps Engineer,Ahmedabad,https://linkedin.com/in/example743,+9197187502557
Business Analyst,Pune,https://linkedin.com/in/example744,+9199347258219
UX Designer,Bangalore,https://linkedin.com/in/example745,+9196766039778
Sales Executive,Ahmedabad,https://linkedin.com/in/example746,+9198108831232
HR Executive,Chandigarh,https://linkedin.com/in/example747,+9197302586913
Business Analyst,Chandigarh,https://linkedin.com/in/example748,+9197588619261
UX Designer,Chennai,https://linkedin.com/in/example749,+9196361652877
Technical Writer,Delhi,https://linkedin.com/in/example750,+9199078389576
UX Designer,Chandigarh,https://linkedin.com/in/example751,+9196828692542
DevOps Engineer,Kolkata,https://linkedin.com/in/example752,+9198142908032
Product Manager,Pune,https://linkedin.com/in/example753,+9197246256409
DevOps Engineer,Chandigarh,https://linkedin.com/in/example754,+9197670648232
Technical Writer,Delhi,https://linkedin.com/in/example755,+9197286558185
Software Engineer,Pune,https://linkedin.com/in/example756,+9198521442698
Technical Writer,Ahmedabad,https://linkedin.com/in/example757,+9196352364702
UX Designer,Bangalore,https://linkedin.com/in/example758,+9197282227045
Marketing Manager,Chennai,https://linkedin.com/in/example759,+9199701426924
UX Designer,Kolkata,https://linkedin.com/in/example760,+9199616364200
Product Manager,Mumbai,https://linkedin.com/in/example761,+9199810827174
Marketing Manager,Chandigarh,https://linkedin.com/in/example762,+9196671361550
HR Executive,Bangalore,https://linkedin.com/in/example763,+9197899288580
Technical Writer,Chennai,https://linkedin.com/in/example764,+9198095124140
HR Executive,Kolkata,https://linkedin.com/in/example765,+9199228909708
HR Executive,Mumbai,https://linkedin.com/in/example766,+9197483772487
HR Executive,Jaipur,https://linkedin.com/in/example767,+9197036606420
HR Executive,Delhi,https://linkedin.com/in/example768,+9199717376400
DevOps Engineer,Kolkata,https://linkedin.com/in/example769,+9199321073525
Software Engineer,Ahmedabad,https://linkedin.com/in/example770,+9196843395080
Data Analyst,Bangalore,https://linkedin.com/in/example771,+9198140209262
Data Analyst,Bangalore,https://linkedin.com/in/example772,+9199043794036
DevOps Engineer,Bangalore,https://linkedin.com/in/example773,+9199277559271
Software Engineer,Bangalore,https://linkedin.com/in/example774,+9199647788534
Marketing Manager,Kolkata,https://linkedin.com/in/example775,+9199971220891
Software Engineer,Ahmedabad,https://linkedin.com/in/example776,+9197897930987
Sales Executive,Kolkata,https://linkedin.com/in/example777,+9196160066033
Sales Executive,Kolkata,https://linkedin.com/in/example778,+9199553087331
Data Analyst,Mumbai,https://linkedin.com/in/example779,+9197160199523
UX Designer,Bangalore,https://linkedin.com/in/example780,+9197439289133
Marketing Manager,Jaipur,https://linkedin.com/in/example781,+9199810498586
Sales Executive,Bangalore,https://linkedin.com/in/example782,+9199218746088
Product Manager,Kolkata,https://linkedin.com/in/example783,+9196007989865
Product Manager,Delhi,https://linkedin.com/in/example784,+9196376707784
HR Executive,Kolkata,https://linkedin.com/in/example785,+9196068079474
DevOps Engineer,Bangalore,https://linkedin.com/in/example786,+9197231323373
Technical Writer,Pune,https://linkedin.com/in/example787,+9199595387185
Software Engineer,Chandigarh,https://linkedin.com/in/example788,+9198900612268
UX Designer,Ahmedabad,https://linkedin.com/in/example789,+9196401266191
UX Designer,Bangalore,https://linkedin.com/in/example790,+9198307025268
Data Analyst,Mumbai,https://linkedin.com/in/example791,+9198011599921
Product Manager,Delhi,https://linkedin.com/in/example792,+9196314823879
HR Executive,Bangalore,https://linkedin.com/in/example793,+9196368534452
Data Analyst,Bangalore,https://linkedin.com/in/example794,+9196270706392
Software Engineer,Hyderabad,https://linkedin.com/in/example795,+9196656246132
Data Analyst,Hyderabad,https://linkedin.com/in/example796,+9198946766965
Product Manager,Jaipur,https://linkedin.com/in/example797,+9196935845701
Business Analyst,Bangalore,https://linkedin.com/in/example798,+9198423197065
Technical Writer,Chandigarh,https://linkedin.com/in/example799,+9199343488232
HR Executive,Jaipur,https://linkedin.com/in/example800,+9196018808706
Sales Executive,Bangalore,https://linkedin.com/in/example801,+9197909287461
Product Manager,Pune,https://linkedin.com/in/example802,+9196458303066
Software Engineer,Ahmedabad,https://linkedin.com/in/example803,+9197303673181
UX Designer,Chandigarh,https://linkedin.com/in/example804,+9196979063660
Software Engineer,Delhi,https://linkedin.com/in/example805,+9199891888195
Technical Writer,Mumbai,https://linkedin.com/in/example806,+9196561909173
Technical Writer,Delhi,https://linkedin.com/in/example807,+9198383114957
Technical Writer,Bangalore,https://linkedin.com/in/example808,+9198497303537
HR Executive,Delhi,https://linkedin.com/in/example809,+9196066276838
Software Engineer,Mumbai,https://linkedin.com/in/example810,+9197427548841
Business Analyst,Chandigarh,https://linkedin.com/in/example811,+9198102962118
Product Manager,Delhi,https://linkedin.com/in/example812,+9197240373035
Technical Writer,Bangalore,https://linkedin.com/in/example813,+9196547317513
Data Analyst,Bangalore,https://linkedin.com/in/example814,+9198901302150
Technical Writer,Chandigarh,https://linkedin.com/in/example815,+9197852517540
Data Analyst,Jaipur,https://linkedin.com/in/example816,+9199773022109
UX Designer,Kolkata,https://linkedin.com/in/example817,+9197236810126
Business Analyst,Bangalore,https://linkedin.com/in/example818,+9198282541547
HR Executive,Jaipur,https://linkedin.com/in/example819,+9198992453932
Marketing Manager,Pune,https://linkedin.com/in/example820,+9199671067619
HR Executive,Delhi,https://linkedin.com/in/example821,+9196073444903
Software Engineer,Mumbai,https://linkedin.com/in/example822,+9197261137921
DevOps Engineer,Ahmedabad,https://linkedin.com/in/example823,+9196453271002
UX Designer,Kolkata,https://linkedin.com/in/example824,+9198331797173
DevOps Engineer,Jaipur,https://linkedin.com/in/example825,+9197303049458
Product Manager,Kolkata,https://linkedin.com/in/example826,+9199106484358
Technical Writer,Bangalore,https://linkedin.com/in/example827,+9197609950256
Software Engineer,Chennai,https://linkedin.com/in/example828,+9197870456212
Technical Writer,Mumbai,https://linkedin.com/in/example829,+9199793265419
Product Manager,Delhi,https://linkedin.com/in/example830,+9198278874451
Product Manager,Hyderabad,https://linkedin.com/in/example831,+9198358531382
Technical Writer,Delhi,https://linkedin.com/in/example832,+9198221864862
Product Manager,Chandigarh,https://linkedin.com/in/example833,+9196335818267
Data Analyst,Kolkata,https://linkedin.com/in/example834,+9196814322600
Sales Executive,Chennai,https://linkedin.com/in/example835,+9198767397998
Product Manager,Jaipur,https://linkedin.com/in/example836,+9198344694929
Technical Writer,Chandigarh,https://linkedin.com/in/example837,+9197387828337
DevOps Engineer,Kolkata,https://linkedin.com/in/example838,+9199787234261
Marketing Manager,Hyderabad,https://linkedin.com/in/example839,+9196235861191
Business Analyst,Ahmedabad,https://linkedin.com/in/example840,+9199250455527
DevOps Engineer,Delhi,https://linkedin.com/in/example841,+9198174148025
Marketing Manager,Delhi,https://linkedin.com/in/example842,+9199419584408
Data Analyst,Pune,https://linkedin.com/in/example843,+9196933954107
Data Analyst,Mumbai,https://linkedin.com/in/example844,+9196708431620
Software Engineer,Ahmedabad,https://linkedin.com/in/example845,+9199377985394
Product Manager,Jaipur,https://linkedin.com/in/example846,+9199609510101
Technical Writer,Pune,https://linkedin.com/in/example847,+9197400305296
Business Analyst,Chennai,https://linkedin.com/in/example848,+9199479259168
Product Manager,Kolkata,https://linkedin.com/in/example849,+9199178537558
Sales Executive,Pune,https://linkedin.com/in/example850,+9198477870698
Data Analyst,Bangalore,https://linkedin.com/in/example851,+9198024834557
Technical Writer,Chandigarh,https://linkedin.com/in/example852,+9199788530871
UX Designer,Delhi,https://linkedin.com/in/example853,+9199208083952
DevOps Engineer,Pune,https://linkedin.com/in/example854,+9197995464539
DevOps Engineer,Ahmedabad,https://linkedin.com/in/example855,+9198360068620
Technical Writer,Kolkata,https://linkedin.com/in/example856,+9199631696280
Marketing Manager,Mumbai,https://linkedin.com/in/example857,+9196348168977
Product Manager,Chandigarh,https://linkedin.com/in/example858,+9196249107544
UX Designer,Ahmedabad,https://linkedin.com/in/example859,+9197364940286
Business Analyst,Jaipur,https://linkedin.com/in/example860,+9199790674830
DevOps Engineer,Hyderabad,https://linkedin.com/in/example861,+9198415279629
Marketing Manager,Bangalore,https://linkedin.com/in/example862,+9199709467154
Sales Executive,Mumbai,https://linkedin.com/in/example863,+9198684822523
Marketing Manager,Bangalore,https://linkedin.com/in/example864,+9198139233055
Technical Writer,Bangalore,https://linkedin.com/in/example865,+9199370204693
Business Analyst,Kolkata,https://linkedin.com/in/example866,+9196174059054
Product Manager,Mumbai,https://linkedin.com/in/example867,+9198743252554
Technical Writer,Mumbai,https://linkedin.com/in/example868,+9197182174783
Sales Executive,Mumbai,https://linkedin.com/in/example869,+9199652865077
Business Analyst,Kolkata,https://linkedin.com/in/example870,+9199815566997
Data Analyst,Kolkata,https://linkedin.com/in/example871,+9196141668331
UX Designer,Ahmedabad,https://linkedin.com/in/example872,+9199967450212
HR Executive,Ahmedabad,https://linkedin.com/in/example873,+9196966112220
Technical Writer,Delhi,https://linkedin.com/in/example874,+9197427073289
Business Analyst,Jaipur,https://linkedin.com/in/example875,+9199837559432
Sales Executive,Ahmedabad,https://linkedin.com/in/example876,+9196084244763
Data Analyst,Bangalore,https://linkedin.com/in/example877,+9199467596076
Marketing Manager,Delhi,https://linkedin.com/in/example878,+9198041558256
Business Analyst,Chennai,https://linkedin.com/in/example879,+9198651067440
DevOps Engineer,Ahmedabad,https://linkedin.com/in/example880,+9199301766041
Software Engineer,Mumbai,https://linkedin.com/in/example881,+9196561729644
UX Designer,Hyderabad,https://linkedin.com/in/example882,+9198790988993
Technical Writer,Ahmedabad,https://linkedin.com/in/example883,+9198151043408
Sales Executive,Delhi,https://linkedin.com/in/example884,+9197977554365
Product Manager,Mumbai,https://linkedin.com/in/example885,+9198953125466
Product Manager,Pune,https://linkedin.com/in/example886,+9198803154282
Data Analyst,Chandigarh,https://linkedin.com/in/example887,+9199599727147
Sales Executive,Pune,https://linkedin.com/in/example888,+9196641792720
Marketing Manager,Mumbai,https://linkedin.com/in/example889,+9198115577185
DevOps Engineer,Pune,https://linkedin.com/in/example890,+9197707853460
Product Manager,Mumbai,https://linkedin.com/in/example891,+9198210799868
Sales Executive,Kolkata,https://linkedin.com/in/example892,+9199884974535
Product Manager,Kolkata,https://linkedin.com/in/example893,+9198416626661
HR Executive,Mumbai,https://linkedin.com/in/example894,+9196968719673
HR Executive,Jaipur,https://linkedin.com/in/example895,+9197485561680
DevOps Engineer,Chennai,https://linkedin.com/in/example896,+9196729431975
DevOps Engineer,Jaipur,https://linkedin.com/in/example897,+9199873741512
UX Designer,Delhi,https://linkedin.com/in/example898,+9199712950405
DevOps Engineer,Kolkata,https://linkedin.com/in/example899,+9198055226388
Marketing Manager,Pune,https://linkedin.com/in/example900,+9197627808662
DevOps Engineer,Kolkata,https://linkedin.com/in/example901,+9199872837952
HR Executive,Mumbai,https://linkedin.com/in/example902,+9199216399642
DevOps Engineer,Ahmedabad,https://linkedin.com/in/example903,+9198617942629
Technical Writer,Mumbai,https://linkedin.com/in/example904,+9197221034238
UX Designer,Kolkata,https://linkedin.com/in/example905,+9196122320783
UX Designer,Mumbai,https://linkedin.com/in/example906,+9196899767870
Sales Executive,Delhi,https://linkedin.com/in/example907,+9199460704985
Business Analyst,Jaipur,https://linkedin.com/in/example908,+9198827673610
HR Executive,Chennai,https://linkedin.com/in/example909,+9198640803123
HR Executive,Mumbai,https://linkedin.com/in/example910,+9198166299794
DevOps Engineer,Hyderabad,https://linkedin.com/in/example911,+9199681074670
Product Manager,Chennai,https://linkedin.com/in/example912,+9198950010075
HR Executive,Mumbai,https://linkedin.com/in/example913,+9196904804665
Business Analyst,Mumbai,https://linkedin.com/in/example914,+9199110543931
Software Engineer,Pune,https://linkedin.com/in/example915,+9198072023241
Sales Executive,Kolkata,https://linkedin.com/in/example916,+9197905565069
Marketing Manager,Jaipur,https://linkedin.com/in/example917,+9198897342853
Business Analyst,Ahmedabad,https://linkedin.com/in/example918,+9197394034583
Data Analyst,Pune,https://linkedin.com/in/example919,+9199506522270
Software Engineer,Delhi,https://linkedin.com/in/example920,+9196150117791
DevOps Engineer,Chandigarh,https://linkedin.com/in/example921,+9199578685234
Technical Writer,Pune,https://linkedin.com/in/example922,+9197323716353
Technical Writer,Mumbai,https://linkedin.com/in/example923,+9198120996921
Business Analyst,Hyderabad,https://linkedin.com/in/example924,+9197787908738
UX Designer,Bangalore,https://linkedin.com/in/example925,+9197607802434
Software Engineer,Hyderabad,https://linkedin.com/in/example926,+9196062917514
Software Engineer,Chandigarh,https://linkedin.com/in/example927,+9197967212217
Business Analyst,Delhi,https://linkedin.com/in/example928,+9199618180264
DevOps Engineer,Jaipur,https://linkedin.com/in/example929,+9199331924481
DevOps Engineer,Chandigarh,https://linkedin.com/in/example930,+9197090192462
HR Executive,Ahmedabad,https://linkedin.com/in/example931,+9199579128643
Marketing Manager,Delhi,https://linkedin.com/in/example932,+9198821903990
Software Engineer,Delhi,https://linkedin.com/in/example933,+9199087945901
Marketing Manager,Delhi,https://linkedin.com/in/example934,+9199546110784
Business Analyst,Kolkata,https://linkedin.com/in/example935,+9196262136131
DevOps Engineer,Chandigarh,https://linkedin.com/in/example936,+9197957052691
UX Designer,Kolkata,https://linkedin.com/in/example937,+9199715403953
Business Analyst,Bangalore,https://linkedin.com/in/example938,+9197180388410
DevOps Engineer,Jaipur,https://linkedin.com/in/example939,+9197601050541
Technical Writer,Chandigarh,https://linkedin.com/in/example940,+9196030458597
Data Analyst,Kolkata,https://linkedin.com/in/example941,+9196403488068
Product Manager,Chandigarh,https://linkedin.com/in/example942,+9198094276986
Data Analyst,Hyderabad,https://linkedin.com/in/example943,+9196054657688
UX Designer,Hyderabad,https://linkedin.com/in/example944,+9197270911745
HR Executive,Pune,https://linkedin.com/in/example945,+9199715543096
Sales Executive,Mumbai,https://linkedin.com/in/example946,+9199724533831
DevOps Engineer,Chennai,https://linkedin.com/in/example947,+9197274015670
UX Designer,Ahmedabad,https://linkedin.com/in/example948,+9196395144481
Software Engineer,Hyderabad,https://linkedin.com/in/example949,+9196141332709
DevOps Engineer,Ahmedabad,https://linkedin.com/in/example950,+9199153880157
Technical Writer,Kolkata,https://linkedin.com/in/example951,+9197665513695
Product Manager,Ahmedabad,https://linkedin.com/in/example952,+9199536378128
Data Analyst,Kolkata,https://linkedin.com/in/example953,+9198719337514
DevOps Engineer,Jaipur,https://linkedin.com/in/example954,+9197299824749
Technical Writer,Jaipur,https://linkedin.com/in/example955,+9196008135875
Marketing Manager,Hyderabad,https://linkedin.com/in/example956,+9197628425591
DevOps Engineer,Pune,https://linkedin.com/in/example957,+9197568740342
Business Analyst,Bangalore,https://linkedin.com/in/example958,+9196006528477
Data Analyst,Hyderabad,https://linkedin.com/in/example959,+9196851141174
Technical Writer,Chandigarh,https://linkedin.com/in/example960,+9198929361851
Business Analyst,Delhi,https://linkedin.com/in/example961,+9196279092343
Technical Writer,Chandigarh,https://linkedin.com/in/example962,+9197893889416
Sales Executive,Bangalore,https://linkedin.com/in/example963,+9197318148427
DevOps Engineer,Bangalore,https://linkedin.com/in/example964,+9199501878352
Sales Executive,Delhi,https://linkedin.com/in/example965,+9197942944039
Technical Writer,Mumbai,https://linkedin.com/in/example966,+9197934391104
DevOps Engineer,Chennai,https://linkedin.com/in/example967,+9199886922875
HR Executive,Hyderabad,https://linkedin.com/in/example968,+9197836076050
DevOps Engineer,Jaipur,https://linkedin.com/in/example969,+9198888902808
Data Analyst,Pune,https://linkedin.com/in/example970,+9199064975032
Software Engineer,Delhi,https://linkedin.com/in/example971,+9198245346469
Technical Writer,Hyderabad,https://linkedin.com/in/example972,+9198675728633
Software Engineer,Bangalore,https://linkedin.com/in/example973,+9198421450332
HR Executive,Ahmedabad,https://linkedin.com/in/example974,+9197484381831
HR Executive,Jaipur,https://linkedin.com/in/example975,+9196891035908
DevOps Engineer,Pune,https://linkedin.com/in/example976,+9196774352897
Software Engineer,Chandigarh,https://linkedin.com/in/example977,+9196559394940
Marketing Manager,Chandigarh,https://linkedin.com/in/example978,+9197457422184
Sales Executive,Jaipur,https://linkedin.com/in/example979,+9197256338869
UX Designer,Delhi,https://linkedin.com/in/example980,+9196202266014
Technical Writer,Ahmedabad,https://linkedin.com/in/example981,+9196792369752
Sales Executive,Chennai,https://linkedin.com/in/example982,+9196289606627
Product Manager,Delhi,https://linkedin.com/in/example983,+9197591577001
Business Analyst,Jaipur,https://linkedin.com/in/example984,+9199561232145
HR Executive,Mumbai,https://linkedin.com/in/example985,+9196639676546
Marketing Manager,Kolkata,https://linkedin.com/in/example986,+9197312657964
Data Analyst,Ahmedabad,https://linkedin.com/in/example987,+9199467667360
Sales Executive,Ahmedabad,https://linkedin.com/in/example988,+9198675344705
Data Analyst,Chennai,https://linkedin.com/in/example989,+9197838937084
HR Executive,Chandigarh,https://linkedin.com/in/example990,+9199375175471
Technical Writer,Hyderabad,https://linkedin.com/in/example991,+9198000800223
Business Analyst,Mumbai,https://linkedin.com/in/example992,+9197936692448
Technical Writer,Ahmedabad,https://linkedin.com/in/example993,+9199932624883
DevOps Engineer,Jaipur,https://linkedin.com/in/example994,+9197966147477
Business Analyst,Chandigarh,https://linkedin.com/in/example995,+9196739480468
HR Executive,Mumbai,https://linkedin.com/in/example996,+9196419623287
Sales Executive,Kolkata,https://linkedin.com/in/example997,+9197429992859
Sales Executive,Kolkata,https://linkedin.com/in/example998,+9198785324587
Technical Writer,Ahmedabad,https://linkedin.com/in/example999,+9199338851614
